first_name,last_name
Ermanno,Teideman
Marcos,Mougel
Valentine,Ironmonger
Marrissa,Ruzicka
Claus,Sargood
Elizabet,Menary
Theobald,Hedon
Joyann,Iggalden
Ricca,McMenamy
Mikol,Rickwood
Brigg,Lainton
Donal,Niche
Britney,Doogue
Hardy,Shellshear
Berrie,Looker
Elaina,Antonat
Piper,Karchewski
Aida,Brear
Fanni,Allans
Sabra,Scading
Merridie,McGrayle
Meredith,Regan
Arther,Barthelme
Kimberly,Lohan
Ky,Wagen
Una,Corness
Ferne,Gotling
Nick,Ridde
Cass,Handke
Ann,Exley
Morris,Wildor
Silvana,Dalloway
Rani,Drynan
Alisha,Booi
Ollie,Abell
Gray,Arpino
Edeline,Vedstra
Joelle,Yorston
Ginevra,Wellstood
Patrice,Vanlint
Thibaut,Karpov
Lucila,Wooland
Christian,Pierucci
Krista,Pentelo
Charita,Sleeford
Osbourn,Bennit
Corey,Bracco
Tremain,Hurler
Skyler,Fosdyke
Jen,De Lascy
Davidde,Rippingale
Murvyn,Tansly
Matthieu,Gallgher
Mattias,Francisco
Babbette,Weiss
Dolli,Sayburn
Jody,Kenford
Rodney,Duffree
Kalli,Petherick
Gennifer,Lampel
Bondon,Neissen
Joshia,Dilawey
Ainslee,Abdie
Obadiah,Barnsdale
Magnum,Shellshear
Carena,Kleinert
Kelly,Powell
Cory,Fishburn
Ola,Cleve
Elwin,Kenworthey
Stefanie,Atyeo
Read,Kenwrick
Tybie,Drogan
Libbey,Ortsmann
Nertie,Houltham
Bordie,Boon
Vinita,Barniss
Nick,McPherson
Nessi,Verrechia
Rosmunda,Asken
Kelcey,Heber
Adrian,Canizares
Stanislaus,Deniskevich
Kit,Brotherhed
Randolf,Guerner
Robby,Presnell
Desmund,Pantecost
Drucie,Ferreras
Katha,Petche
Geoffrey,Kegley
Dyana,Moulding
April,Jorden
Biddie,Holdey
Bibbie,Rizzetti
Kalie,Tegeller
Bendick,Wiltsher
Jacenta,Sindle
Rourke,Maddox
Shelden,Rowdell
Barrie,Greedyer
Truda,Carlos
Anastasia,Bergstrand
Erik,Boow
Sybil,Degnen
Nydia,Jamme
Giff,Zipsell
Rebecca,Burge
Allyn,Hoovart
Hakim,Shimon
Ardelis,Goodie
Stanislas,Habergham
Northrop,McIndoe
Sheba,Gavaghan
Chrissy,Grisdale
Zerk,Leer
Grantham,Fairbrass
Noell,Blanckley
Newton,Scullin
Matteo,Osment
Alvira,Garred
Pernell,Trassler
Bruno,Ayer
Nicholas,Morrison
Melania,Shoreman
John,De Carteret
Constantine,Parham
Had,Swancock
Chilton,Boards
Davis,Limpenny
Putnem,Petracco
Paddy,Kenyon
Caralie,Mathieson
Sterne,Ellwood
Dania,Olechnowicz
Elysha,Yes
Lorain,Booley
Betteann,Ottee
Thadeus,Ferraraccio
Ab,Sunner
Francoise,Shottin
Shantee,Klousner
Guenevere,Handrick
Cecilla,McJarrow
Hildegarde,Kleinplac
Izzy,Bertomieu
Tabby,Beaves
Fawn,Whopples
Becky,Frame
Samantha,Credland
Roddie,Eckhard
Nerita,Wymer
Lonna,Terbrugge
Talya,ffrench Beytagh
Byron,Limeburn
Raffarty,Benion
Meara,Farrar
Buddy,Nano
Kimmie,Battyll
Egan,Sofe
Shandie,Wethey
Dennie,Sibly
Port,Littlemore
Maggi,Tissier
Dorice,Fray
Lucie,Twiddy
Akim,O'Dempsey
Diane,Rudledge
Bobbye,Dedney
Gauthier,Renfree
Sayres,Gytesham
Gabriel,Boas
Netta,Mundle
Uriah,Durdle
Scotty,Yakushkin
Rozele,Labbez
Xymenes,Leyson
Ambrosi,Bulmer
Findley,Balcon
Ferris,O'Riordan
Garrick,Shurville
Sindee,Ankrett
Bat,Muggleton
Norri,Narraway
Sheelagh,Coulston
Roseanna,Rebbeck
Dosi,Biaggelli
Crysta,Wimbush
Rona,Huntall
Riobard,Bugg
Alvira,Walbrun
Prudence,Philot
Kelila,Demchen
Jana,Caso
Bettina,Hulme
Jelene,Abilowitz
Keen,Sparrow
Ana,Shay
Welch,Mimmack
Sashenka,Farnhill
Dennie,Posvner
Brittaney,Jeannard
Octavius,Belison
Kenyon,Croutear
Dot,Robel
Celisse,Erik
Junia,Bulluck
Renie,Guyonneau
Brade,Paye
Rand,Sidon
Tanney,Lavielle
Wyatt,Spawton
Mariele,O'Dee
Clark,Veelers
Kinna,McWhan
Quintilla,Marcinkus
Ruthi,Moyes
Jedidiah,Pryce
Allayne,Glaserman
Nick,Bubbear
Clementius,Agius
Glyn,Meadway
Ferd,Shirland
Justis,Scryne
Onida,Marrington
Denny,Dunsire
Cory,Molloy
Fredrick,Bartleet
Mary,Stringer
Egbert,Skipper
Jourdain,McFadin
Britte,Dimblebee
Seka,Maskell
Son,Hamblyn
Manon,Fifield
Marcie,Fidgin
Zaria,Snookes
Cirilo,Salthouse
Sonnnie,Carriage
Ambrosius,Sibbet
Itch,Stanworth
Ruby,Blunsum
Marleen,Gelletly
Yurik,Molineux
Teddie,Hurling
Sisely,Uebel
Latashia,Brosnan
Jacquenetta,Laidel
Nickolas,Dalrymple
Ave,Newis
Rosene,Tremollet
Atlante,Hacket
Solomon,Keemer
Althea,Kinset
Dulci,Arunowicz
Karissa,Ravenscroft
Marquita,Axby
Mack,Lishman
Dillie,Orrey
Jaimie,Skully
Jordan,Tatters
Katrina,Simecek
Hashim,Mercik
Brigitta,Campagne
Viviene,Gianasi
Annabal,Harman
Rusty,Farland
Celka,Jordison
Vinson,Brabben
Alexis,Akenhead
Guido,Heinzler
Chris,D'Alessio
Giovanna,Lesaunier
Alastair,Brownsell
Hinda,Collyear
Kelci,Oldford
Tobi,Hanton
Odelinda,Stares
Jaimie,Lemmon
Paolo,Atcherley
Alvie,Belverstone
Gavra,Kalinowsky
Shandy,Lory
Gwen,Jerok
Willette,Howen
Joelie,Sheekey
Paloma,Gray
Gayel,Stelfax
Nat,Klamp
Reina,Kelbie
Randa,Skellern
Reynold,McGillivray
Gizela,Thackeray
Kelbee,McCumskay
Mikey,Garvie
Emmey,Isack
Eryn,Tolliday
Danita,Llewellyn
Delmore,Revens
Effie,Beneteau
Prudence,Yerrall
Garvin,Barwood
Aksel,Craighall
Base,Clausen
Jeri,Finlator
Hunter,Copo
My,Millins
Reagan,Sugden
Cherish,Weaver
Kippar,Renihan
Elva,Campany
Druci,Kippie
Launce,Kinny
Berky,Osmant
Stephanus,Prickett
Cathie,Moseby
Dyann,Croll
Lainey,Copcutt
Perry,Instrell
Nessy,Willatt
Demetris,Clappison
Karlik,Reoch
Delphinia,Orpwood
Ron,Lupson
Patience,Garvill
Josiah,Delouch
Corissa,Steptowe
Berny,Haygreen
Nara,Sidworth
Phyllys,Jollye
Carine,Piggot
Sallyann,Gallie
Lazare,Loney
Alon,Trenoweth
Francklin,Derisly
Carol,Blackbrough
Florette,Philipart
Gertrudis,Fairebrother
Llywellyn,Skyppe
Veronica,Money
Rad,Agate
Holly,Rooksby
Arin,Leyes
Deana,Brendeke
Lucius,Slemming
Quent,Jillis
Karlis,Laingmaid
Reynard,Albro
Andeee,Maes
Freida,Cullnean
Tamar,Kermott
Emlynn,von Hagt
Carol,Creane
Vin,Harsant
Elie,Dullard
Garry,Wozencroft
Ann-marie,Blazewski
Emily,Arendt
Loretta,Annets
Sansone,Neasam
Sheila,Holt
Deni,Peal
Ximenez,Radage
Mellie,Cantopher
Eulalie,Jennens
Cherida,Gorman
Robbert,Lazonby
Arch,Behr
Concettina,Dudson
Roxane,Beebis
Katharina,Tomala
Merlina,Rohfsen
Eileen,Challenor
Florina,Keneford
Adore,Parsall
Meghann,McKellen
Pandora,MacSporran
Adelice,Curl
Noemi,Yashin
Leanna,felip
Granville,Pikesley
Derry,Tippett
Gregorio,Domegan
Jordanna,Lacer
Kerrie,Casier
Felizio,Arnott
Thaxter,Rakestraw
Nanni,Semens
Aldon,Stalf
Rolfe,Hedaux
Rad,Tommasetti
Jarib,Lydster
Annnora,Gayler
Marlowe,Deeny
Chen,Paty
Norris,Brewers
Rance,Whistlecraft
Doralynn,Lamb-shine
Nollie,Sykora
Anabelle,Sallenger
Brynna,Orht
Guenevere,Blogg
Leah,Allabarton
Vance,Sterzaker
Vida,Chowne
Cody,Joyes
Gavra,Gallahue
Brynne,Suddell
Willyt,Weerdenburg
Baron,Coots
Delphinia,Griggs
Jackie,Ibarra
Maddy,Jolland
Kaila,Chalfant
Nisse,Row
Gabriell,Jann
Tim,Godbolt
Iosep,Livingston
Kelley,Mitchelhill
Sally,Binge
Kylynn,Sandercroft
Elmo,Lusgdin
Arin,Strotton
Charis,Point
Tandi,Highton
Wyatt,Pim
Elliott,Coal
Candis,Guyonneau
Dora,de Lloyd
Haily,Sorey
Jarrad,Elkington
Binky,Dooler
Kally,Pennoni
Danice,Dubois
Coretta,Leggott
Lynnell,Mushawe
Scottie,Wessell
Morganica,Giocannoni
Koral,Bernardeschi
Ethelbert,Lawton
Jaine,Morgue
Jeremias,Jannings
Matthiew,Blinerman
Massimiliano,Costelloe
Davy,Fireman
Walther,Stubbes
Dallon,O'Day
Margaretha,Loyndon
Marika,Sebrens
Asa,Fawckner
Saraann,Ralling
Sayres,Coneybeer
Krystalle,Cottam
Pris,Ellershaw
Frasquito,Cregeen
Anne-marie,Wallbanks
Phil,O'Skehan
Erik,Grocott
Marissa,Fettis
Murdoch,Longforth
Levin,Syddall
Linus,Beckensall
Delcine,Baglan
Dina,Di Gregorio
Jaquith,Jarvie
Ailsun,Knyvett
Octavius,O'Mullally
Rickie,Karlolak
Lucia,Freezer
Avictor,Skettles
Nettle,Pankethman
Milissent,Winger
Kerri,Alebrooke
Jolynn,Demaid
Bryan,Immins
Carce,Starrs
Sandro,Kepp
Ellissa,Ambroz
Morgen,Klamman
Minta,Skunes
Tabb,Gilogly
Anastasia,Bohlsen
Terra,Pendrill
Conchita,Feehely
Fredek,Ciccetti
Jeniffer,Schroeder
Celestia,Riseborough
Bronny,Lehr
Vincent,Hurch
Yancy,Standeven
Idaline,Shepperd
Marylynne,Bampkin
Mercy,Antoniat
Raf,Rosenwald
Ulric,Strettell
Eada,Watkins
Ransell,Fries
Marna,Neller
Tabbatha,Sanford
Tybi,Aps
Mitzi,Frangleton
Hewitt,Panks
Salli,Janatka
Velvet,Gunnell
Helyn,Alliban
Celeste,Denys
Mirelle,Blazy
Corrie,Akerman
Kristal,Brigstock
Skipper,Kuhndel
Yorgos,Chatwood
Noll,Keesman
Alric,Freda
Ailey,Giacobbo
Chevalier,Crabbe
Denney,Verson
Carmela,Wilmore
Cassandry,O' Quirk
Idaline,McCaughan
Immanuel,Nicolson
Verile,Micheu
Maryjane,Cardiff
Orville,Casebourne
Lucas,Emmott
Evelin,Mandrier
Hyacintha,Dobbs
Mira,Proschek
Zaccaria,Rolse
Peder,Predohl
Prescott,Waugh
Lesly,Yurkevich
Ebeneser,Castanaga
Llywellyn,Fynes
Rhea,McEnery
Corette,Bruyet
Esther,Schindler
Dillon,Rattery
Dolli,Blanshard
Margareta,Jessett
Preston,Foxcroft
Tiphani,Lydden
Feliks,Stothard
Jens,Gatchel
Fidelia,Scathard
Clint,Mounfield
Lawrence,Miskin
Briney,Premble
Engracia,Fallanche
Christophorus,Gaythwaite
Dita,Olden
Noella,Croad
Joeann,Triswell
Ellery,Harrell
Ofella,Baker
Erick,Romaine
Maxy,Hofton
Sofie,Morfield
Kathryn,Paramore
Ninetta,Beggio
Dee dee,Attyeo
Lock,Erni
Rod,Ferroli
Corine,Wardle
Luce,Gilhooley
Barclay,Apthorpe
Kenna,Kinmond
Amelia,Grigsby
Kessia,Arkill
Wynne,MacMoyer
Corey,Lots
Bealle,Pevie
Esta,Bennough
Levin,Swindles
Alfie,Manilove
Curcio,Lumbers
Minnie,Lamprey
York,Tallis
Meryl,Kettleson
Dore,Suart
Charlton,Brennan
Aloysia,Delooze
Jobey,O'Quin
Paloma,Gillibrand
Herve,Robker
Kienan,Reddihough
Carolann,Jamme
Ruy,Henrie
Marv,Broadstock
Alfonse,Rame
Shanon,Meddick
Ulrika,Gibbons
Lucias,Pheasey
Adrian,Hawkslee
Susette,Radclyffe
Kennedy,Stains
Gay,Wagge
Saunders,Broadbear
Tally,Baldocci
Alexine,Lauridsen
Gweneth,Schonfeld
Yehudi,Polleye
Karrah,Allcoat
Valle,Van
Briny,Kepp
Ruthann,Sanpere
Lorain,Glanvill
Arliene,Garwill
Roshelle,O'Lunney
Florina,Ondricek
Valerie,Averies
Georgeta,Hockey
Berti,Bollini
Mikel,Janaszkiewicz
Hope,Lumsden
Benn,Cund
Amalea,Vernalls
Fielding,Scherme
Pacorro,Huffy
Consalve,Bucknall
Lida,Leatherborrow
Nikolai,Nuzzti
Windham,Kembery
Vlad,Pencott
Hermia,Laytham
Amory,Macourek
Caren,Youings
Elnar,Dron
Vinita,Piddock
Mayne,Omrod
Zulema,Girardey
Marion,de Bullion
Tad,Wilde
Manfred,Eble
Cornall,A'Barrow
Stefano,Germon
Marylin,Lowy
Murielle,Ciric
Cosimo,McErlaine
Devlen,Gasson
Giffard,Hacquard
Wynny,Trood
Doyle,Sakins
Susan,Eby
Lizzy,Witton
Fae,Bermingham
Mirna,Devonish
Papagena,Szimon
Cirilo,Letham
Lance,Shotter
Newton,Jarnell
Dee dee,Fontell
Cayla,Askell
Collette,Lunck
Carroll,Catley
Darci,Crewther
Edy,Pinsent
Aldous,Barszczewski
Jessie,Asquith
Milena,Gallifont
Tris,Gerardeaux
Cheslie,Buer
Clayton,Wyrill
Gwenora,Varker
Tatiana,Truder
Artair,Downing
Raffaello,Annion
Obie,Pipet
Blondelle,Saundercock
Florida,Connochie
Dre,Crossley
Arel,Gildroy
Modesta,Swatridge
Guenna,Baybutt
Claudianus,Sweeten
Malva,Levey
Mercedes,Bellham
Asher,Casse
Del,Hasty
Selene,Stanborough
Boycey,Caukill
Francklin,Bezemer
Elaina,De Ruggero
Netta,Baldacco
Dynah,Extall
Aindrea,Kennelly
Catherin,Simonett
Shina,D'Ugo
Ferris,Branni
Merrilee,Lamasna
Alejoa,Meegin
Stevie,Causer
Taber,Chave
Wiley,Smalecombe
Leanora,Baxstare
Bernarr,Bugler
Melva,Mankor
Wilmer,Garrigan
Gracia,Shinn
Cinnamon,Matiashvili
Carlye,Ayce
Sorcha,Jeschner
Odie,Tanton
Elora,Lammers
Rosie,Whellams
Donetta,Dilawey
Darryl,Spears
Lefty,Curzon
Sander,Baignard
Fawne,Hayball
Carmel,MacGowan
Joaquin,Mancktelow
Duky,Nealey
Brew,Axtell
Brandais,Chsteney
Hamid,Lannon
Kelwin,Nowakowski
Gerick,Schuck
Gregor,Varty
Shawn,Purkins
Madelle,Amori
Stan,Dumberell
Fanni,Georgeon
Koressa,Spridgeon
Nara,Beekmann
Nesta,Grevel
Dalli,Truckell
Gill,Jarville
Mohammed,Haskins
Kelly,Dimitriades
Rodolph,Sliman
Taffy,Rodolico
Ossie,Sitford
Jenine,Mackleden
Gary,Vasyukhnov
Zea,Peskett
Haskel,Mosdall
Tony,McKie
Dede,Olsson
Pauly,Schoenleiter
Gaynor,Strother
Stanislaw,Elwel
Iago,Cloutt
Guenevere,Shoulder
Moe,Jozwicki
Shepherd,Heaker
Annabell,Imlach
Valaree,Lockey
Janean,Lilian
Adiana,Glendining
Cornelius,Mastrantone
Devlin,Akaster
Teresina,Tilford
Kippy,Titherington
Timothee,Andrew
Smith,Roseblade
Ester,Aspole
Herta,O'Lunney
Lina,Moan
Kora,Roumier
Berkeley,Greim
Benni,Swyer
Joann,Hillett
Mitchael,Habbes
Ailyn,Barends
Leicester,Rabbitt
Gloria,Phython
Correy,Rich
Duke,Gerrelts
Ivie,Downey
Pru,Barrat
Gerladina,Swaton
Eugene,Everton
Herculie,Longstreeth
Darsey,Gehrtz
Pattie,Rosenberg
Brandy,Hinks
Austin,Baccup
Don,Jandera
Minerva,McKyrrelly
Gherardo,Rapp
Franny,Kuhnke
Selene,Chidwick
Gert,Schmuhl
Germaine,Pepi
Murdock,Goakes
Alla,Le Lievre
Tye,Lascelles
Karilynn,Klimek
Giselle,Gruszka
Warren,Ziemen
Harman,Strevens
Michaella,Shillitto
Belinda,Minchinton
Audie,Manketell
Michal,Ferreiro
Greer,Gartrell
Cecily,Birtwell
Iorgo,Stelle
Stacy,Goering
Alameda,Evamy
Arly,Belin
Steffen,Sherr
Malorie,Attwill
Jeth,Uvedale
Lukas,Benini
Kamilah,Duerden
Marget,Laetham
Conrado,Wise
Darn,Basden
Alvie,Milmo
Lurline,Markos
Libbey,Cod
Lorne,Loade
Terrel,Crookshank
Vinson,Le Barr
Rene,MacAlinden
Faber,Beedon
Dorris,Dannatt
Leonora,Lodwig
Lucienne,Wildgoose
Jordan,Spuner
Armand,Hadaway
Antony,Foale
Hobie,Preskett
Catrina,Dominguez
Kristine,Frodsam
Bogey,Trelease
Cyrillus,Betton
Malachi,Harrison
Allissa,Farrand
Berrie,Adame
Erhart,McLice
Orazio,Altham
Nikolaus,Nowakowski
Brigida,Scarratt
Huberto,Baulch
Cassie,Haffard
Marley,Blakesley
Valaria,Connochie
Eva,Dowyer
Chrystal,Shevell
Gran,Maidens
Jaime,Hallick
Theadora,Cadreman
Newton,Dykins
Gaspar,Kassel
Brittni,Seamans
Renata,Lander
Terrill,Dykas
Vida,Meeus
Eloisa,Seagrave
Tally,Trenholme
Priscella,Conechie
Colas,Jozefczak
Roma,Milesop
Neely,MacKibbon
Andrey,Yukhnin
Stanley,Haycock
Arron,D'Almeida
Giacopo,Burchett
Brewer,Phant
Lyn,Mabee
Glynnis,Gallally
Pen,Siemons
Gayler,Cropper
Arte,Lightwing
Bond,Khoter
Thelma,Dilke
Penelopa,Crucetti
Tova,Bitcheno
Lammond,Trye
Juieta,McCafferty
Gui,Leeburn
Lyn,Lebrun
Osbert,Fincham
Filbert,Channing
Mauricio,Ivashechkin
Jacqui,Littleton
Vyky,Baly
Nestor,Lothlorien
Thomasa,Cordey
Garreth,MacManus
Daria,Westhoff
Chandra,Ciepluch
Robbie,Gullifant
Philippine,Bartholomaus
Abelard,Rohan
Gunther,Searchwell
Irene,Tatnell
Billie,Winpenny
Alli,Carruthers
Kalil,Glidden
Ad,Finnan
Griffy,Hanlon
Margaretta,Chisnell
Farley,Hanbridge
Lurlene,Yakuntsov
Carling,Ibbs
Maddy,Tapscott
Rickey,Yakhin
Dyanne,Welton
Garvin,Turpin
Tiff,Harley
Charmian,Entreis
Mollie,Tolomelli
Cathlene,Goncaves
Mary,But
Brier,Timms
Zared,Brugemann
Philipa,Robel
Quillan,Browne
Wiley,Shear
Jasmina,Niset
Myrilla,Cryer
Nanni,Dobbson
Ernestine,Bottomore
Forrester,Tuiller
Vlad,Kubis
Kimmie,Kennea
Deane,Wiffler
Amitie,Brennan
Charity,Cressar
Gracia,Hedling
Sarah,Corradengo
Manda,Borer
Gennifer,Reeds
Tracie,Marvell
Nannie,Assel
Huntley,Klaas
Adaline,Isgate
Nicolina,Bigby
Laraine,Cheeseman
Irvin,Galer
Ellen,Olyff
Glad,Clee
Dix,Bertot
Salim,McCree
Thedrick,Berrisford
Breanne,Le Floch
Osmond,Ilett
Rozalin,Trewhella
Josh,Amar
Valentijn,Kehir
Christos,Glew
Marchelle,Quixley
Perry,Jeacocke
Amber,Boddie
Christiana,Macauley
Barri,Dettmar
Alvan,Gareisr
Yoshiko,Castiglione
Grantham,Biffen
Catina,Ogles
Clarke,Dundon
Berti,Wrennall
Daryl,Schule
Orin,Conlaund
Dylan,Warwick
Gretal,Hold
Drew,Andrassy
Josefa,Von Brook
Kitti,Androlli
Zak,McNeillie
Georgena,Ferns
Theressa,Petrosian
Kathryn,Pinock
Igor,Mulvey
Garvin,Cruce
Zechariah,McNiff
Alister,Harhoff
Charmine,Tomaszczyk
Huntley,Cockshut
Barr,Callear
Gasparo,Dunphie
Hailey,Mauvin
Kati,Vedenichev
Udale,Silmon
Samaria,Redferne
Shadow,Shelbourne
Angel,Acosta
Hermia,Posnett
Patty,Folland
Tabbitha,Melin
Cazzie,Angrock
Dell,Crees
Georgette,Von Welldun
Daren,Heymes
Dun,Petrelli
Yoko,Chiverton
Stephan,Conre
Ambrosio,Jupe
Zenia,Wycherley
Marie-jeanne,Ruppert
Corty,Meece
Mable,Hugh
Shea,Santello
Vi,Wegenen
Olympia,Lockey
Arron,Lashbrook
Chery,Vasiliev
Vere,Giovani
